{"cameraMode":{"drawMode":0,"name":"Shaded","section":"Shading Mode"},"sceneLighting":true,"audioPlay":false,"sceneViewState":{"showFog":true,"showMaterialUpdate":false,"showSkybox":true,"showFlares":true,"showImageEffects":true,"showParticleSystems":true,"showVisualEffectGraphs":true,"m_FxEnabled":true},"in2DMode":false,"pivot":{"x":2.713064193725586,"y":0.8955063819885254,"z":-1.6047286987304688},"rotation":{"x":0.21761247515678407,"y":-0.22032754123210908,"z":-0.9494964480400086,"w":-0.050514355301856998},"size":0.4884457588195801,"orthographic":false}