{"cameraMode":{"drawMode":0,"name":"Shaded","section":"Shading Mode"},"sceneLighting":true,"audioPlay":false,"sceneViewState":{"showFog":true,"showMaterialUpdate":false,"showSkybox":true,"showFlares":true,"showImageEffects":true,"showParticleSystems":true,"showVisualEffectGraphs":true,"m_FxEnabled":true},"in2DMode":false,"pivot":{"x":1.5448005199432374,"y":-0.07886719703674317,"z":1.7889063358306885},"rotation":{"x":-0.12078660726547241,"y":-0.17275309562683106,"z":0.021358592435717584,"w":-0.977053165435791},"size":3.024744749069214,"orthographic":false}